CompName,id
"ООО ""ПГ ""Фосфорит""",RUFSF
"АО ""Черногорский РМЗ""",4700
Eurochem Group UAE Branch,AEEAG
"АО ""Кабактинское""",4800
"ООО ""АЛТАЙ-СУЭК""",4900
"ООО ""СУЭК-Хакасия""",4F00
"ООО ""ДУКП ПРИМОРСКИЙ""",6C00
"ООО ""Приморская ГРЭС""",X100
SUEK Polska,7Q00
SUEK Securities D.A.C.,7S00
СУЭК-Спешелти Минералз,F187
"ЧОУ ДПО ""Энергоцентр""",Y600
"ООО ""ЕвроХим-Невинномысск""",RUENE
"АО ""Бийскэнерго""",W300
"АО ""БМЗ""",RUBMZ
"АО ""СИБЭКО""",Y100
"ООО ""Тепло""",Y200
SUEK Middle East DMCC,7C00
"АО ""Разрез Тугнуйский""",3D00
"ООО ""Тугнуйское ПТУ""",3G00
"ООО ""БГTК""",9T00
"ООО ""Корунд""",9Y00
"ООО ""Уголь-Инжиниринг""",VI00
"ООО ""МС Торнадо""",Y800
"ООО ""Бамовская ТЭС-1""",R100
FERCO - Cyprus,S300
"ООО ""ЕХ Дальний восток""",RUFET
Corrigo Fertilizers LLC,AECOR
"ООО ""Кингисепп-ремстройсе",RURKN
"АО ""Барнаульская ТЭЦ-3""",W200
ООО Русбонд-ЕвроХим,RUSBO
АО «ГКХ «Ушгер»,KZUSH
"АО ""Лучегорский УР""",6A00
"ООО ""ДК Химиков""",RUDKH
"ООО ""Приморскуголь""",6100
"ООО ""Хабаровск-СУЭК""",6600
"АО ""МАСКО""",9H00
"ООО ""БКЗ""",9O00
Black Sand Commodities,7B00
"ООО ""ЕТН""",RUETN
"АО ""Енисейская ТГК""",V100
"АО ""Красноярская ТЭЦ-1""",V200
"АО ""Назаровская ГРЭС""",V300
"АО ""КрасТеплТрансКом""",V400
"SUEK AG, HANOI RO",7G00
"ООО ""СИБИРСКИЙ БИТ""",UB00
ООО «ЕХСЗ-2»,RUNWT
"ООО ""КБС-ЛОГИСТИК""",1X00
"ООО ""РУСБОНД-СУЭК""",1V00
"ООО ""АНГК""",RUANG
"НПО ""Элсиб"" ПАО",Y700
"ООО ""Восточно-Бейский раз",4100
"АО ""Разрез Изыхский""",4300
"ООО ""ЕТУ""",RUBGG
EUROCHEM TERMINAL SILLAMÄ,EETNK
"ООО ""НевРСС""",RURNE
"АО ""НАК ""АЗОТ""",RUNAK
ООО «ПротехЛаб»,RUPTL
"ООО ""Пасифик Траст Марин""",9G00
SST Beijing,C200
ООО «Протех Инжиниринг»,RUPRO
"ООО ""АРМУ""",6B00
"ООО ""СУЭК-Финанс""",1800
ООО «МСЧ «УГОЛЬЩИК»,2U00
"ООО ""Атлантик Траст Марин",9F00
"АО ""Разрез Харанорский""",3200
ООО «Разрез Восточный»,3300
"ООО ""Черновский РМЗ""",3900
SUEK Logistic Moscow,7Z00
"АО ""Дальтрансуголь""",8200
"ООО ""МБТ""",9500
ООО Азоттех,RUAZT
"АО ""Кузбассэнерго""",U100
"ООО ""ЕвроХим - УКК""",RUKUS
"ООО ""НРХ""",VC00
"ЧУ ДПО КУЦ ""Энергетик""",VD00
"АО ""ГОРТЕПЛО""",VE00
"ООО ""РТК-ГЕНЕРАЦИЯ""",VF00
"ООО ""КРАСТЭК""",VG00
"АО ""Абаканская ТЭЦ""",VH00
АО «Промтранс»,4G00
ООО «УБВР»,4U00
"АО ""УПиР""",5300
"ООО ""СИБ-ДАМЕЛЬ""",5400
"ООО ""НТСК""",Y300
"ООО ""Пансионат ""Химик""",RUPAN
"ООО ""Энергетик""",Y500
PT SUEK Trade Indonesia,7N00
Fertilizantes Heringer,BRHRG
ОООАрктические разработки,1600
SUEK Singapore Trading Co,7I00
BRSFT Salitre Fertilizant,BRSFT
"АО ""МХК ""ЕВРОХИМ""",RUEMO
"ООО ""УРАЛ-РЕМСТРОЙСЕРВИС""",RURBZ
"АО ""КФС-Транс""",1W00
"АО ""Кызылская ТЭЦ""",V800
"ООО ""Южно-Сибирская ТСК""",V900
"ООО ""ИНВЕСТ-ЭНЕРГО""",VA00
"ООО ""ЕВРОХИМ СЕВЕРНЫЙ КАВ",RUNCA
BRCPQ EC Com Prod Quim,BRCPQ
"АО ""БарнТеплМагистрКомп""",W400
"АО ""Кузнецкая ТЭЦ""",U200
"АО ""СибЭР""",U600
"АО ""СибИАЦ""",U700
"ООО ""ЕвроХим - НИЦ""",RUNIC
"АО ""Канская ТЭЦ""",V500
Объединенное ПТУ Кузбасса,5R00
ООО «АПК «Сибирь»,5S00
"ООО СК ""Малый порт""",6800
АО «ЕвроХим-СЗ»,RUESZ
SST Shanghai,C100
"АО ""КемГенерация""",U300
"АО ""Ново-Кемеровская ТЭЦ""",U400
SUEK AG,7100
"ООО ""Новокузнецкая ТТК""",U500
"АО ""Разрез Канский""",2M00
"АО ""СУЭК""",1100
ООО «ПротехЛаб» - представительство в Беларуси,RUPTB
ООО «ЦУХЛ»,5F00
"ООО ""НИИуглеобогащения""",5G00
"АО ""СУЭК-Кузбасс""",5N00
"ООО ""Минусинская ТТК""",V600
"ООО ""Назаровская ТТК""",V700
"ООО ""Лестоппром""",1900
"ООО ""БТУ""",9P00
"ООО ""ТБТ""",9A00
АО «МХК «ЕвроХим»- филиал в Беларуси-XCSAL,BYEMI
"Некоммерческая организация ""Фонд социально-экономической поддержки регионов ""СУЭК-РЕГИОНАМ""",F199
SUEK AG Corp USA,7A00
ООО ЕвроХим - ВолгаКалий,RUVGK
"ООО ""Теплоэнергетик""",U900
"ООО ""ЕХСЗ-3""",RUENW
"ООО ""ЕВРОХИМ-ЭНЕРГО""",RUERG
"ООО ""Термаль""",U800
"ООО ""Юг-Сервис""",RUYUG
FERCO - Moscow,S400
SUEK LTD,SPLC
"АО ""ММТП""",9200
SUEK Logistic (Swiss),7Y00
ООО «ГлавЭнергоСбыт»,1300
SST Harbin,C300
"АО ""Ковдорский ГОК""",RUKGK
"ООО ""Новомосковский хлор""",RUNCL
"ООО ""СибЭнергоАктив""",VB00
"ООО ""ПРОТЕХ ИНЖИНИРИНГ""",RUPRO
"ООО ""ПРОТЕХ ЛАБ""",RUPTL
"ООО ""СГК""",1R00
"ООО ""СТК""",1S00
"БФ ""СГК-Согреваем сердца""",1T00
"ООО ""КузбассэнергоФинанс""",1U00
"ООО ""ЕвроХим-ОНГК""",RUONG
"АО ""НТК""",1N00
"АО ""БарнаулТепСетКом""",W500
"ООО ""ЕСК СУЭК""",2400
"ООО ""ЛД ""Промтранс""",4H00
"ООО ""Назаровское ГМНУ""",2500
"ООО ""Гринфин""",2800
"ООО ""ВРЗ""Депо НТК""",RUDPO
"ООО ""ЕВРОХИМ-БЕЛОРЕЧЕНСК""",RUEBE
"АО ""Невинномысский Азот""",RUNEV
SUEK Assets Holding AG,7E00
"ООО ""ЕвроХим-СаратовКалий",RUESK
"АО ""Рубцовский ТЭК""",W600
"ООО ""АИМ Холдинг""",1I00
"ООО ""Нитрохимпром""",1K00
МК «СУЭК ЛТД» (ООО),1L00
"ООО ""АИМ ЦИФРОВЫЕ ТЕХНОЛО",1M00
EuroChem Group AG Trading,CHETD
"ООО ""Разрез Сереульский""",2F00
EurochemTrading ME DMCC,AETRD
"АО ""СУЭК-Красноярск""",2100
"АО ""Ургалуголь""",6700
SUEK AG (Taiwan branch),7300
"АО ""БарнаулГенерация""",W100
"ООО ""Тугнуйская ОФ""",3F00
"АО ""Разрез Березовский""",2D00
"ООО ""Новомосковск-ремстро",RURNM
SUEK Korea Ltd,7M00
"ООО ""ЕвроХим-БМУ""",RUBMU
"АО ""Разрез Назаровский""",2N00
"ООО ""ЕвроХим Тракс""",RUTRU
ООО ФОСАЗОТ,TE10
ООО АгроКалий,TE20
ООО «Лидер.Партнеры»,TE30
ООО «Контролальдилит»,TE40
ООО КарбонПро,TS10
ООО «Феррум плюс»,TS20
ООО «Энерго-Атлантик»,TS30
IC Nord Harvest Holding LLC,RUAIM
ООО ПГ Фосфорит,RUFSF
Iron Maritime,LRIRM
Агроцентр Курск,RUTKU
EuroChem Agro Asia Pte. Ltd.,SGEAA
EUROCHEM MCC - RUMKK,RUMKK
Agrocenter EuroChem Srl,MDAGR
EuroChem Agro México SA de CV,MXEAM
RUESM - ОСП Липецк,RUESM
RUESM - ОСП Невинномысск,RUESM
RUESM - ОСП Новомосковск,RUESM
Агроцентр Новомосковск,RUDNM
АО Березниковский механический завод,RUBMZ
Агроцентр Краснодар,RUDKR
EuroChem Agro Fertilizer Trade LLP,TREAF
Агроцентр Украина,UAAGR
RUEMO - ОСП Новомосковск,RUEMO
EuroChem Finance DAC,IEFIN
ООО ЕвроХим-Проект,RUTOM
ООО Тонус-плюс,RUTON
RUESM -ОСП Орел,RUESM
ООО ЕвроХим Дальний Восток,RUFET
Corrigo Fertilizers FZ-LLC,AECOR
ООО Кингисепп-ремстройсервис,RURKN
ТОО ЕвроХим – Каменковская нефтегазовая компания,KZKAM
ООО Невинномысск-сервис (ранее Гостиница Зеленая),RUZEL
Trident,LRTES
"Eurochem Logistics International, UAB",LTEBL
RUESM - ОСП,RUESM
ООО Дворец культуры химиков,RUDKH
BLACK SAND COMMODITIES FZ-LLC,7B00
ООО ЕвроХим-Терминал Невинномысск,RUETN
ООО ЕвроХим Трейдинг Рус,RUESM
ТОО ЕвроХим – Удобрения,KZUDB
ООО ЕвроХим-Северо-Запад-2,RUNWT
АО Тулагипрохим,RUGPH
SUEK Japan Corporation,BCS-7J00
UAB SUEK Baltic,BCS-7R00
ООО Астраханская нефтегазовая компания,RUANG
ТОО Сары-Тас-Удобрения,KZSTS
RUEMO - ОСП Белгород,RUEMO
ООО ЕвроХим-Терминал Усть-Луга,RUBGG
EuroChem Terminal Sillamäe Osaühing,EETNK
ООО Невинномысск-Ремстройсервис,RURNE
АО НАК Азот,RUNAK
RUEMO - ОСП Краснодар,RUEMO
RUEMO - ОСП Кингисепп,RUEMO
RUEMO - ОСП Курск,RUEMO
RUEMO - ОСП Липецк,RUEMO
RUEMO - ОСП Невинномысск,RUEMO
"Agrocenter EuroChem Kazakhstan, LLP",KZAGR
EuroChem Group AG,CHEAG
EuroChem Trading GMBH,CHTRD
"EuroChem Agro Trading (Shenzhen) Co., Ltd.",CNEAT
Harvester Shipmanagement Ltd.,CYHAR
RUESM -ОСП Кингисеп,RUESM
ООО ЕвроХим - Усольский калийный комбинат,RUKUS
RUEMO - ОСП Воронеж,RUEMO
Агроцентр Липецк,RUDLI
ООО ОРС-Фосфорит,RUORF
RUEMO - ОСП Орел,RUEMO
RUEMO - ОСП Ростов на Дону,RUEMO
RUEMO - ОСП Волгоград,RUEMO
EuroChem Polska sp. z o.o.,PLAGR
ООО Пансионат Химик,RUPAN
Мурманский балекрный терминал,RUMGT
EuroChem Antwerpen N.V.,BEANF
EuroChem Agro France SAS,FREAF
"SUEK Singapore Trading Co, PTE. LTD",7I00
ООО ГИП Москва,BCS-1J01
Barter Coal Sp.z.o.o.,BCS-7B00
АО МХК ЕвроХим,RUEMO
EuroChem Agro doo Belgrad,RSAGR
ООО Урал-ремстройсервис,RURBZ
EuroChem North America Corp.,USBFC
"EuroChem USA, LLC",USEUS
ТОО Герес Удобрения,KZGER
"ООО ""Протехстрой""",RUPTS
aendt,AENDT
aekbu,AEKBU
ООО ЕвроХим Северный Кавказ,RUNCA
EuroChem Comercio de Produtos Quimicos Ltda,BRCPQ
Eurochem Trading USA,USTRD
EUROCHEM TRADING RUS - RUTKK,RUTKK
ООО ЕвроХим Научно-исследовательский центр (RUNIC),RUNIC
Агроцентр Орел,RUDOR
АО ЕвроХим-Северо-Запад,RUESZ
EuroChem Agro Bulgaria Ead,BGAGR
RUESM -ОСП Краснодар,RUESM
Fertilizantes Tocantins S.A.,BRFTO
НКО Фонд СУЭК-Регионам,F199
"ООО ""Сибирские промышленные решения""",BCS-SG7001
ТОО ЕвроХим – Каратау,KZKRT
RUESM - ОСП Ростов на Дону,RUESM
SUEK US LLC,7A00
RUESM - ОСП Волгоград,RUESM
RUESM -ОСП Воронеж,RUESM
ООО ЕвроХим-ВолгаКалий,RUVGK
ООО Еврохим-Волгосервис,RUVOS
Агроцентр Невинномысск,RUDNE
EuroChem Agro Spa,ITEAG
EuroChem Agro GmbH,DEEAG
ООО ЕвроХим-Северо-Запад-3,RUENW
ООО ЕвроХим-Энерго,RUERG
ООО Юг-Сервис,RUYUG
АО Ковдорский ГОК,RUKGK
Agrocenter Holding B.V.,NLAGH
Emerger Fertilizantes S.A.,AREFO
ООО Новомосковский хлор,RUNCL
Lifosa AB,LTLIF
EuroChem Agricultural Trading Hellas SA,GREAH
ООО ЕвроХим – ОНГК,RUONG
ООО Депо-Еврохим,RUDPO
Агроцентр Волгоград,RUDVO
АО Невинномысский Азот,RUNEV
ООО ЕвроХим-СаратовКалий,RUESK
Eurochem International Holding B.V.,NLEIH
EuroChem Agro Hungary Kft,HUAGR
EuroChem LatAm America S.à r.l.,LULAT
ООО Новомосковск-ремстройсервис,RURNM
EuroChem Agro Iberia SL,ESEAI
ООО Санаторий-профилакторий Ковдорский,RUSPK
Филиал ТБТ,RUTBN
ООО ЕвроХим - Белореченские минеральные удобрения,RUBMU
SUEK AG (Swiss),7100
"АО""БарнаульскаяГенерация""",W100
"ООО ""АИМ Менеджмент""",1I00
"ООО ""ЦИФРОВЫЕ ТЕХНОЛОГИИ",1M00
"ООО ""Сибирская теплосбытовая компания""",1S00
"АО ""Барнаульская генерация""",W100
"АО ""Енисейская ТГК (ТГК-13)""",V100
"АО ""ЛУР""",6A00
"ООО ""ГлавЭнергоСбыт""",1300
"АО ""Кемеровская генерация""",U300
"ООО ""Модульные Системы Торнадо""",Y800
"ООО ""Сибирская генерирующая компания""",1R00
"АО ""СИБЭКО"" (Новосибирская ТЭЦ-4)",Y100
"АО ""Енисейская ТГК (ТГК-13)"" филиал Красноярская ТЭЦ-3",V100
"ООО ""СибПромРешения""",BCS-SG7001
"ООО ""Медико-санитарная часть ""УГОЛЬЩИК""",2U00
"БФ ""СГК - СОГРЕВАЕМ СЕРДЦА""",1T00
"филиал АО ""Барнаульская генерация"" ""Барнаульская теплосетевая компания""",W500
"ООО ""Цифровые технологии и платформы""",1M00
"ООО ""СИБ - ДАМЕЛЬ""",5400
苏艾科（上海）贸易有限公司,C100
"ООО ""Атлантик Траст Марин""",9F00
"ООО ""АПК ""Сибирь""",5S00
"ООО ""Тугнуйская обогатительная фабрика""",3F00
"МК ""СУЭК ЛТД"" (ООО)",1L00
"ООО ""Стивидорная Компания ""Малый порт""",6800
"ООО ""Восточно-Бейский разрез""",4100
"АО ""Кемеровская генерация"" Кемеровская ГРЭС",U300
SUEK Logistic GmbH,7Y00
Barter Coal Sp. z o.o.,BCS-7B00
SUEK Korea Ltd.,7M00
SUEK Baltic UAB,BCS-7R00
SUEK Polska Sp. z o.o.,7Q00
"Московский филиал ООО ""СУЭК Логистик""",7Z00
"ООО ""Арктические разработки""",1600
"Акционерное общество ""Разрез Канский""",2M00
PT. SUEK INDONESIA,7N00
SUEK Barter,BCS-7B00
SUEK Baltic PL,BCS-7R00
"АО ""Енисейская ТГК (ТГК-13)"" филиал Красноярская ТЭЦ-2",V100
REPRESENTATIVE OFFICE OF SUEK AG IN HANOI CITY,7G00
СУЭК АО,1100
СУЭК ЛТД,1L00
СУЭК Финанс,1800
"SUEK Singapore Trading Pte., LTD",7I00
"МК ""СУЭК ЛТД"" (ООО)
(SUEK LTD)",1L00
"АО «СУЭК-Кузбасс""",5N00
"ООО ""СК ""Малый порт""",6800
ООО «Сиб - Дамель»,5400
"ООО ""Тугнуйская  обогатительная фабрика""",3F00
SUEK Assets Holding,7E00
АО «КФС-ТРАНС»,BCS-1Q01
"Фонд ""СУЭК-РЕГИОНАМ""",F199
XXTSU01,1100
XXTSU02,1L00
XXTSU03,1800
XXTSU04,1R00
XXTSU05,2100
XXTSU06,BCS-SG7001
XXTSU07,VG00
XXTSU08,6700
XXTSU09,1N00
XXTSU10,VH00
XXTSU11,V100
XXTSU12,W100
XXTSU13,Y300
XXTSU14,4F00
XXTSU15,5N00
XXTSU16,3D00
XXTSU17,8200
XXTSU18,U100
XXTSU51,7100
XXTSU52,7S00
XXTSU53,7M00
АО СУЭК,1100
"МК ""СУЭК ЛТД"" ",1L00
"МК ""СУЭК ЛТД""",1L00
ООО Сибирская генерирующая компания,1R00
СУЭК-Красноярск,2100
ООО СибПромРешения,BCS-SG7001
ООО КРАСТЭК,VG00
Ургалуголь,6700
АО Национальная транспортная компания,1N00
АО Абаканская ТЭЦ,VH00
АО Енисейская ТГК,V100
АО Барнаульская генерация,W100
ООО НТСК,Y300
ООО СУЭК-Хакасия,4F00
АО СУЭК-Кузбасс,5N00
АО Разрез Тугнуйский,3D00
АО Дальтрансуголь,8200
АО Кузбассэнерго,U100
SUEK SECURITIES DAC,7S00
SUEK Korea,7M00
EUROCHEM ANTWERPEN NV,BEANF
AB LIFOSA,LTLIF
EUROCHEM AGRO BULGARIA EOOD,BGAGR
EuroСhem Agro GmbH,DEEAG
EUROCHEM TERMINAL SILLAMAE OSAUHING,EETNK
"EUROCHEM AGRO IBERIA, S.L.",ESEAI
"EuroChem Agro Iberia, SL",ESEAI
Eurochem Agro Hellas AE,GREAH
EUROCHEM AGRO HELLAS S.A.,GREAH
Eurochem Agro Hellas SA,GREAH
Eurochem Agro Hungary Kft.,HUAGR
AGROCENTER EUROCHEM S.R.L.,MDAGR
EUROCHEM POLSKA SPOLKA ZOO,PLAGR
EUROCHEM AGRO DOO BEOGRAD-NOVI BEOGRAD,RSAGR
EUROCHEM AGRO MEXICO S.A. DE C.V.,MXEAM
EUROCHEM NORTH AMERICA CORP,USBFC
EUROCHEM NORTH AMERICA CORPORATION,USBFC
EUROCHEM TRADING USA CORPORATION,USTRD
"ТОО ""Агроцентр ЕвроХим-Казахстан""",KZAGR
"ТОО ""Герес удобрения""",KZGER
"ТОО ""ЕвроХим-Каменковская нефтегазовая компания""",KZKAM
"ТОО ""ЕвроХим-Каратау""",KZKRT
"ТОО ""Сары-Тас-Удобрения""",KZSTS
"ТОО ""ЕВРОХИМ - УДОБРЕНИЯ""",KZUDB
"АО ""Горно-химическая компания  ""Ушгер""",KZUSH
"ООО ""АЗОТТЕХ""",RUAZT
LLC EUROCHEM - BELORECHENSKIE MINUDOBRENIA,RUBMU
"LLC ""EUROCHEM - BELORECHENSKIE MINUDOBRENIA""",RUBMU
"ООО ""Депо-ЕвроХим""",RUDPO
"EUROCHEM MCC, JSC",RUEMO
"ООО ""ЕвроХим-СаратовКалий""",RUESK
EUROCHEM TRADING RUS LLC,RUESM
"ООО ""ЕвроХим Трейдинг Рус""",RUESM
"ОП ООО ""ЕВРОХИМ ТРЕЙДИНГ РУС"" в г. Усть-Лабинск",RUESM
"ОП ООО ""ЕвроХим Трейдинг Рус"" в п. Дружный",RUESM
"ОП ООО ""ЕВРОХИМ ТРЕЙДИНГ РУС"" в с. Воронцовка",RUESM
"ОП ООО ""ЕВРОХИМ ТРЕЙДИНГ РУС"" в г. Невинномысск",RUESM
EUROCHEM NORTHWEST JSC,RUESZ
"АО ""ЕвроХим-СЗ""",RUESZ
EUROCHEM-TERMINAL NEVINNOMYSSK. LIMITED LIABILITY COMPANY,RUETN
PG PHOSPHORITE LLC,RUFSF
JSC KOVDORSKY GOK,RUKGK
EUROCHEM - USOLSKY POTASH COMPLEX LIMITED LIABILITY COMPANY,RUKUS
"ООО ""ЕвроХим-УКК""",RUKUS
"JSC ""AZOT""",RUNAK
"JSC ""NAK ""Azot""",RUNAK
"AO ""NAK ""Azot""",RUNAK
"Общество с ограниченной ответственностью ""ЕвроХим Северный Кавказ""",RUNCA
NOVOMOSKOVSKY CHLOR LLC,RUNCL
"OOO ""Novomoskovsky chlor""",RUNCL
JSC NEVINNOMYSSKY AZOT,RUNEV
"JSC ""Nevinnomyssky Azot""",RUNEV
"AO ""Nevinnomyssky Azot""",RUNEV
"ООО ""ЕХСЗ-2""",RUNWT
"ООО ""ОРС-Фосфорит""",RUORF
Protech Phosphate Research institut LTD,RUPTL
ООО «ПроТехСтрой»,RUPTS
"ООО ""Кингисепп-ремстройсервис""",RURKN
"ООО ""Новомосковск-ремстройсервис""",RURNM
"ООО ""Санаторий-Профилакторий ""Ковдорский""",RUSPK
"ООО ""Тонус-Плюс""",RUTON
EUROCHEM-VOLGAKALIY JSC,RUVGK
"ООО ""ЕвроХим-ВолгаКалий""",RUVGK
"ООО ""ЕвроХим-ВолгаСервис""",RUVOS
"ООО ""Невинномысск-Сервис""",RUZEL
AGROCENTER UKRAINE LLC,UADEX
EMERGER FERTILIZANTES SA,AREFO
FERTILIZANTES TOCANTINS S.A,BRFTO
FERTILIZANTES HERINGER S.A.,BRHRG
Fertilizantes Heringer SA,BRHRG
SALITRE FERTILIZANTES LTDA,BRSFT
HARVESTER SHIPMANAGEMENT LTD,CYHAR
UAB EUROCHEM LOGISTICS INTERNATIONAL,LTEBL
EuroChem LatAm Sàrl,LULAT
EuroChem LatAm,LULAT
CORRIGO FERTILIZERS FZ-LCC,AECOR
EuroChem Trading Middle East DMCC,AETRD
Eurochem Group AG (former Eurochem Trading GmbH),CHEAG
Eurochem Group AG  (former Eurochem Trading GmbH),CHEAG
Eurochem Group Ag (DWTCA Branch),CHEAG
EUROCHEM AGRO TRADING (SHENZHEN) CO. LTD,CNEAT
Protech Israel,ILPRO
CORRIGO FERTILIZERS FZ-LLC,AECOR
EMERGER FERTILIZANTES S.A.,AREFO
EUROCHEM AGRO ASIA PTE. LTD.,SGEAA
EUROCHEM AGRO FRANCE SAS,FREAF
EUROCHEM AGRO GMBH,DEEAG
EUROCHEM AGRO HUNGARY KFT,HUAGR
EUROCHEM AGRO SPA,ITEAG
EUROCHEM COMERCIO DE PRODUTOS QUIMICOS LTDA,BRCPQ
EUROCHEM GROUP AG,CHEAG
EUROCHEM INTERNATIONAL HOLDING B.V.,NLEIH
EUROCHEM POLSKA Sp. z o.o.,PLAGR
EUROCHEM TRADING GMBH,CHTRD
"АО ""МХК ""ЕвроХим""",RUEMO
"АО ""НАК ""Азот""",RUNAK
"ООО ""ЕвроХим-Энерго""",RUERG
"ООО ""Протех Лаб""",RUPTL
"ООО ""Урал-ремстройсервис""",RURBZ
"ООО ""ПроТехСтрой""",RUPTS
Black Sand Commodities FZ-LLC,7B00
"АО ""Маско""",9H00
"НПО ""ЭЛСИБ"" ПАО",Y700
SUEK Shanghai Trading Co. Ltd.,C100
Emerger Fertilizantes,AREFO
Fertilizantes Tocantins,BRFTO
Terminal Sillamae,EETNK
IEFIN,IEFIN
EC Finance DAC,IEFIN
Sary-Tas,KZSTS
EC Agro Moldova,MDAGR
EIH,NLEIH
Azottech,RUAZT
MCC,RUEMO
RUEMO,RUEMO
ECNW-3,RUENW
UKK,RUKUS
EC North Caucasus,RUNCA
Rusbond-EC,RUSBO
EC Agro Singapore,SGEAA
EuroChem North America,USBFC
EuroChem USA,USEUS
EC Trading ME,AETRD
NAKA,RUNAK
Ushger,KZUSH
EuroChem-Karatau,KZKRT
XXTSU,1100
"Разрез Тугнуйский, АО",3D00
Ургалуголь АО,6700
"ООО ""ДУКП Приморский""",6C00
EuroChem Management Middle East FZE,AEMNG
EUROCHEM TRADING MIDDLE EAST DMCC,AETRD
Emerger Fertilizantes SA,AREFO
EuroChem Antwerpen NV,BEANF
Eurochem Antwerpen OFP,BEANF
FERTILIZANTES TOCANTINS S.A.,BRFTO
Fertilizantes Tocantins S.a,BRFTO
Salitre Fertilizantes Ltda.,BRSFT
EuroChem Terminal Sillamae Osauhing,EETNK
Eurochem Agro France SAS,FREAF
Eurochem Agro Spa,ITEAG
UAB Eurochem Logistics International,LTEBL
AB Lifosa,LTLIF
Eurochem Agro Mexico S.A. de C.V.,MXEAM
EuroChem Agro doo Beograd-Novi Beograd,RSAGR
"МК ООО ""Норд Харвест Холдинг""",RUAIM
"ООО ""ВРЗ ""Депо НТК""",RUDPO
"Акционерное общество ""Сибирская энергетическая компания""",Y100
"ООО ""СУЭК""",1100
"(удален)АО ""Разрез Назаровский""",2N00
"ООО ""Алтай-СУЭК""",4900
SUEK Singapore Trading Pte. Ltd.,7I00
"ООО ""ЕвроХим-Белореченск""",RUEBE
"ООО ""ЕВРОХИМ ДАЛЬНИЙ ВОСТОК""",RUFET
"Филиал АО ""НАК ""Азот"" Новомосковская ГРЭС",RUNAK
"ООО ""ЕвроХим-НИЦ""",RUNIC
"ООО ""Русбонд-Еврохим""",RUSBO
"ООО ""ТЕПЛОЭНЕРГЕТИК""",U900
"ООО ""Сибирский БИТ""",UB00
"Общество с ограниченной ответственностью ""Назаровское рыбное хозяйство""",VC00
"ООО ""РТК-Генерация""",VF00
"ООО ""КрасТЭК""",VG00
"ООО ""Уголь-инжиниринг""",VI00
"ООО ""ПРИМОРСКАЯ ГРЭС""",X100
"ОП АО ""СИБЭКО"" Новосибирская ТЭЦ-4",Y100
"ООО ""ЭНЕРГЕТИК""",Y500
"АО ""Кузбассэнерго"" (Беловская ГРЭС)",U100
RUFSF,RUFSF
4700,4700
AEEAG,AEEAG
4800,4800
4900,4900
4F00,4F00
6C00,6C00
X100,X100
7Q00,7Q00
7S00,7S00
F187,F187
Y600,Y600
RUENE,RUENE
W300,W300
RUBMZ,RUBMZ
Y100,Y100
Y200,Y200
7C00,7C00
3D00,3D00
3G00,3G00
9T00,9T00
9Y00,9Y00
VI00,VI00
Y800,Y800
R100,R100
S300,S300
RUFET,RUFET
AECOR,AECOR
RURKN,RURKN
W200,W200
RUSBO,RUSBO
KZUSH,KZUSH
6A00,6A00
RUDKH,RUDKH
6100,6100
6600,6600
9H00,9H00
9O00,9O00
7B00,7B00
RUETN,RUETN
V100,V100
V200,V200
V300,V300
V400,V400
7G00,7G00
UB00,UB00
RUNWT,RUNWT
1X00,1X00
1V00,1V00
RUANG,RUANG
Y700,Y700
4100,4100
4300,4300
RUBGG,RUBGG
EETNK,EETNK
RURNE,RURNE
RUNAK,RUNAK
RUPTL,RUPTL
9G00,9G00
C200,C200
RUPRO,RUPRO
6B00,6B00
1800,1800
2U00,2U00
9F00,9F00
3200,3200
3300,3300
3900,3900
7Z00,7Z00
8200,8200
9500,9500
RUAZT,RUAZT
U100,U100
RUKUS,RUKUS
VC00,VC00
VD00,VD00
VE00,VE00
VF00,VF00
VG00,VG00
VH00,VH00
4G00,4G00
4U00,4U00
5300,5300
5400,5400
Y300,Y300
RUPAN,RUPAN
Y500,Y500
7N00,7N00
BRHRG,BRHRG
1600,1600
7I00,7I00
BRSFT,BRSFT
RURBZ,RURBZ
1W00,1W00
V800,V800
V900,V900
VA00,VA00
RUNCA,RUNCA
BRCPQ,BRCPQ
W400,W400
U200,U200
U600,U600
U700,U700
RUNIC,RUNIC
V500,V500
5R00,5R00
5S00,5S00
6800,6800
RUESZ,RUESZ
C100,C100
U300,U300
U400,U400
7100,7100
U500,U500
2M00,2M00
1100,1100
RUPTB,RUPTB
5F00,5F00
5G00,5G00
5N00,5N00
V600,V600
V700,V700
1900,1900
9P00,9P00
9A00,9A00
BYEMI,BYEMI
F199,F199
7A00,7A00
RUVGK,RUVGK
U900,U900
RUENW,RUENW
RUERG,RUERG
U800,U800
RUYUG,RUYUG
S400,S400
SPLC,SPLC
9200,9200
7Y00,7Y00
1300,1300
C300,C300
RUKGK,RUKGK
RUNCL,RUNCL
VB00,VB00
1P00,1P00
1Q00,1Q00
1R00,1R00
1S00,1S00
1T00,1T00
1U00,1U00
RUONG,RUONG
1N00,1N00
W500,W500
2400,2400
4H00,4H00
2500,2500
2800,2800
RUDPO,RUDPO
RUEBE,RUEBE
RUNEV,RUNEV
7E00,7E00
RUESK,RUESK
W600,W600
1I00,1I00
1K00,1K00
1L00,1L00
1M00,1M00
CHETD,CHETD
2F00,2F00
AETRD,AETRD
2100,2100
6700,6700
7300,7300
W100,W100
3F00,3F00
2D00,2D00
RURNM,RURNM
7M00,7M00
RUBMU,RUBMU
2N00,2N00
RUTRU,RUTRU
TE10,TE10
TE20,TE20
TE30,TE30
TE40,TE40
TS10,TS10
TS20,TS20
TS30,TS30
RUAIM,RUAIM
LRIRM,LRIRM
RUTKU,RUTKU
SGEAA,SGEAA
RUMKK,RUMKK
MDAGR,MDAGR
MXEAM,MXEAM
RUESM,RUESM
RUDNM,RUDNM
RUDKR,RUDKR
TREAF,TREAF
UAAGR,UAAGR
RUTOM,RUTOM
RUTON,RUTON
KZKAM,KZKAM
RUZEL,RUZEL
LRTES,LRTES
LTEBL,LTEBL
KZUDB,KZUDB
RUGPH,RUGPH
BCS-7J00,BCS-7J00
BCS-7R00,BCS-7R00
KZSTS,KZSTS
KZAGR,KZAGR
CHEAG,CHEAG
CHTRD,CHTRD
CNEAT,CNEAT
CYHAR,CYHAR
RUDLI,RUDLI
RUORF,RUORF
PLAGR,PLAGR
RUMGT,RUMGT
BEANF,BEANF
FREAF,FREAF
BCS-1J01,BCS-1J01
BCS-7B00,BCS-7B00
RSAGR,RSAGR
USBFC,USBFC
USEUS,USEUS
KZGER,KZGER
RUPTS,RUPTS
AENDT,AENDT
AEKBU,AEKBU
USTRD,USTRD
RUTKK,RUTKK
RUDOR,RUDOR
BGAGR,BGAGR
BRFTO,BRFTO
BCS-SG7001,BCS-SG7001
KZKRT,KZKRT
RUVOS,RUVOS
RUDNE,RUDNE
ITEAG,ITEAG
DEEAG,DEEAG
NLAGH,NLAGH
AREFO,AREFO
LTLIF,LTLIF
GREAH,GREAH
RUDVO,RUDVO
NLEIH,NLEIH
HUAGR,HUAGR
LULAT,LULAT
ESEAI,ESEAI
RUSPK,RUSPK
RUTBN,RUTBN
BCS-1Q01,BCS-1Q01
UADEX,UADEX
ILPRO,ILPRO
AEMNG,AEMNG
RUBND,RUSBO
"ООО ""Управление по буровзрывным работам""",4U00
"ООО ""Германий и приложения""",BCS-1J01
"АО ГХК ""Ушгер""",KZUSH
"ТОО ""ЕвроХим-Удобрения""",KZUDB
"ТОО ""Герес-Удобрения""",KZGER
"ООО ""РУСБОНД-ЕВРОХИМ""",RUSBO
"ООО""ЕвроХим Трейдинг Рус""",RUESM
"ООО ""ЕВРОХИМ ТРАКС""",RUTRU
"ООО ""Тонус-плюс""",RUTON
"ООО ""СП Ковдорский""",RUSPK
"(удален)ООО ""Урал-ремстройсервис""",RURBZ
EUROCHEM COMERCIO DE PRODUTOS,BRCPQ
EUROCHEM COMERCIO DE PRODUTOS QUIMI,BRCPQ
EuroChem Finance Designated Activity Company,IEFIN
EUROCHEM LOUISIANA LLC,USELO
FERTILIZANTES TOCANTINS S/A,BRFTO
SUEK RU,1100
"(удален) ООО ""Черновский РМЗ""",3900
"АО ""Ургалуголь"" Разрез Правобережный""",6700
FERTILIZANTES HERINGER SA,BRHRG
FERTILIZANTES HERINGER S A,BRHRG
"JSC ""MCC ""EuroСhem""",RUEMO
Разрез Тугнуйский АО,3D00
"ООО ""СУЭК-ХАКАСИЯ""",4F00
FERTILIZANTES TOCANTINS S A,BRFTO
"ООО ""БГТК""",9T00
EuroChem Trading Middle East FZE,AETRD
FERTILIZANTES TOCANTINS LTDA,BRFTO
"EUROCHEM - USOLSKY POTASH COMPLEX, LIMITED LIABILITY COMPANY",RUKUS
"ООО ""ЕвроХим Северный Кавказ""",RUNCA
"АО ""СГК - Алтай""",W100
"АО ""СГК - Новосибирск""",Y100
"АО ""СГК-Новосибирск""",Y100
"Y100""(УДАЛЕН)АО """"РАЗРЕЗ НАЗАРОВСКИЙ""""""",2N00
"AGROCENTER EUROCHEM KAZAKHSTAN, LLP",KZAGR
AGROCENTER EUROCHEM SRL,MDAGR
AGROCENTER EUROCHEM-KAZAKHSTAN LLP,KZAGR
AGROCENTER HOLDING B.V.,NLAGH
"AO ""EUROСHEM-NW""",RUESZ
"AO ""EUROСHEM-SZ""",RUESZ
"AO ""Kovdorsky GOK""",RUKGK
"AO ""NAK ""AZOT""",RUNAK
"AO ""NEVINNOMYSSKY AZOT""",RUNEV
AO SUEK-KRASNOYARSK,2100
"AZOT, JSC",RUNAK
AZOTTECH (EC),RUAZT
BARTER COAL SP. Z O.O.,BCS-7B00
BARTER COAL SP.Z.O.O.,BCS-7B00
BLACK SAND COMMODITIES,7B00
BRCPQ EC COM PROD QUIM,BRCPQ
BRSFT SALITRE FERTILIZANT,BRSFT
CORRIGO FERTILIZERS LLC,AECOR
EC AGRO MOLDOVA (EC),MDAGR
EC AGRO SINGAPORE (EC),SGEAA
EC FINANCE DAC (EC),IEFIN
EC NORTH CAUCASUS (EC),RUNCA
EC TRADING ME (EC),AETRD
ECNW-3 (EC),RUENW
EIH (EC),NLEIH
EMERGER FERTILIZANTES (EC),AREFO
EUROCHEM AGRICULTURAL TRADING HELLAS SA,GREAH
EUROCHEM AGRO BULGARIA EAD,BGAGR
EUROCHEM AGRO DOO BELGRAD,RSAGR
EUROCHEM AGRO FERTILIZER TRADE LLP,TREAF
EUROCHEM AGRO HELLAS AE,GREAH
EUROCHEM AGRO HELLAS SA,GREAH
EUROCHEM AGRO HUNGARY KFT.,HUAGR
EUROCHEM AGRO IBERIA SL,ESEAI
"EUROCHEM AGRO IBERIA, SL",ESEAI
EUROCHEM AGRO MÉXICO SA DE CV,MXEAM
"EUROCHEM AGRO TRADING (SHENZHEN) CO., LTD.",CNEAT
EUROCHEM ANTWERPEN N.V.,BEANF
EUROCHEM ANTWERPEN OFP,BEANF
EUROCHEM COMERCIO DE PRODUTOS QUIMI LTDA,BRCPQ
EUROCHEM FERTILIZERS LLP,KZUDB
EUROCHEM FINANCE DAC,IEFIN
EUROCHEM GROUP AG (DWTCA BRANCH),CHEAG
EUROCHEM GROUP AG (FORMER EUROCHEM TRADING GMBH),CHEAG
EUROCHEM GROUP AG TRADING,CHEAG
EUROCHEM GROUP TRADING,CHETD
EUROCHEM GROUP UAE BRANCH,AEEAG
"EUROCHEM KARATAU, LLP",KZKRT
EUROCHEM LATAM,LULAT
EUROCHEM LATAM AMERICA S.À R.L.,LULAT
EUROCHEM LATAM SÀRL,LULAT
"EUROCHEM LOGISTICS INTERNATIONAL, UAB",LTEBL
EUROCHEM MANAGEMENT MIDDLE EAST FZE,AEMNG
EUROCHEM MCC - RUMKR,RUEMO
EUROCHEM MCC - RUMKU,RUEMO
EUROCHEM MCC - RUMLI,RUEMO
EUROCHEM MCC - RUMNE,RUEMO
EUROCHEM MCC - RUMNM,RUEMO
EUROCHEM NORTH AMERICA (EC),USBFC
EUROCHEM NORTH AMERICA CORP.,USBFC
"EUROCHEM NORTHWEST2, LLC",RUESZ
EUROCHEM POLSKA SP. Z O.O.,PLAGR
EUROCHEM TERMINAL SILLAMÄE OSAÜHING,EETNK
EUROCHEM TRADING MIDDLE EAST,AETRD
EUROCHEM TRADING USA,USTRD
EUROCHEM USA (EC),USEUS
"EUROCHEM USA, LLC",USEUS
EUROCHEM-KARATAU (EC),KZKRT
EUROCHEMTRADING ME DMCC,AETRD
EUROСHEM AGRO GMBH,DEEAG
"EuroСhem-UPC, LLC",RUKUS
FERCO - CYPRUS,S300
FERCO - MOSCOW,S400
FERTILIZANTES HERINGER,BRHRG
FERTILIZANTES TOCANTINS (EC),BRFTO
GERES UDOBRENIYA LLP,KZGER
GREENFIN LLC,2800
HARVESTER SHIPMANAGEMENT LTD.,CYHAR
IC NORD HARVEST HOLDING LLC,RUAIM
IC SUEK LTD LLC,SPLC
IRON MARITIME,LRIRM
"JOINT STOCK COMPANY ""NATIONAL TRANSPORT COMPANY""",1N00
"JSC ""Euroсhem-NW""",RUESZ
"JSC ""KUZBASSENERGO""",U100
"JSC ""NAK ""AZOT""",RUNAK
"JSC ""NEVINNOMYSSKY AZOT""",RUNEV
"JSC ""RAZREZ KHARANORSKY""",3200
"JSC ""YENISEI TGC (TGC-13)""",V100
JSC DALTRANSUGOL,8200
JSC MURMANSK COMMERCIAL SEAPORT,9200
JSC SUEK,1100
JSC SUEK-KUZBASS,5N00
JSC TUGNUISKY OPENCAST MINE,3D00
JSC URGALUGOL,6700
"KABUI SHANGHAI TRADING CO., LTD",AEKBU
KHABAROVSK-SUEK LLC,6600
KOVDORSKII GOK,RUKGK
LIFOSA AB,LTLIF
"LIMITED LIABILITY COMPANY ""PACIFIC TRUST MARINE""",9G00
"LLC ""ARKTICHESKIE RAZRABOTKI""",1600
"LLC ""ATLANTIC TRUST MARINE""",9F00
"LLC ""EUROСHEM-UKK""",RUKUS
"LLC ""EUROСHEM-VOLGAKALIY""",RUVGK
"LLC ""EuroChem-UPC"",",RUKUS
"LLC ""EuroСhem-UPC""",RUKUS
"LLC ""PG ""FOSFORIT""",RUFSF
"LLC ""PRIMORSKUGOL""",6100
"LLC ""STEM CONSULTING""",1I00
"LLC ""VOSTOCHNO-BEYSKY OPENCAST MINE""",4100
LLC SUEK-KHAKASIA,4F00
"MASKO, JSC",9H00
MCC (EC),RUEMO
MCC EUROCHEM JSC,RUEMO
MURMANSK BULKCARGO TERMINAL LLC,RUMGT
NAKA (EC),RUNAK
"OOO ""NOVOMOSKOVSKY CHLOR""",RUNCL
PROTECH ISRAEL,ILPRO
PROTECH PHOSPHATE RESEARCH INSTITUT LTD,RUPTL
PT SUEK TRADE INDONESIA,7N00
PT. Suek Trading Indonesia,7N00
RUEMO - ОСП БЕЛГОРОД,RUEMO
RUEMO - ОСП ВОЛГОГРАД,RUEMO
RUEMO - ОСП ВОРОНЕЖ,RUEMO
RUEMO - ОСП КИНГИСЕПП,RUEMO
RUEMO - ОСП КРАСНОДАР,RUEMO
RUEMO - ОСП КУРСК,RUEMO
RUEMO - ОСП ЛИПЕЦК,RUEMO
RUEMO - ОСП НЕВИННОМЫССК,RUEMO
RUEMO - ОСП НОВОМОСКОВСК,RUEMO
RUEMO - ОСП ОРЕЛ,RUEMO
RUEMO - ОСП РОСТОВ НА ДОНУ,RUEMO
RUESM - ОСП ВОЛГОГРАД,RUESM
RUESM - ОСП ЛИПЕЦК,RUESM
RUESM - ОСП НЕВИННОМЫССК,RUESM
RUESM - ОСП НОВОМОСКОВСК,RUESM
RUESM - ОСП РОСТОВ НА ДОНУ,RUESM
RUESM -ОСП ВОРОНЕЖ,RUESM
RUESM -ОСП КИНГИСЕП,RUESM
RUESM -ОСП КРАСНОДАР,RUESM
RUESM -ОСП ОРЕЛ,RUESM
SALITRE FERTILIZANTES LTDA.,BRSFT
SARY-TAS (EC),KZSTS
SST BEIJING,C200
SST HARBIN,C300
SST SHANGHAI,C100
STEVEDORING COMPANY MALY PORT LLC,6800
SUEK AG (SWISS),7100
SUEK AG (TAIWAN BRANCH),7300
SUEK AG CORP USA,7A00
SUEK ASSETS HOLDING,7E00
SUEK ASSETS HOLDING AG,7E00
SUEK BALTIC PL,BCS-7R00
SUEK BALTIC UAB,BCS-7R00
SUEK BARTER,BCS-7B00
SUEK JAPAN CORPORATION,BCS-7J00
SUEK KOREA,7M00
SUEK KOREA LTD,7M00
SUEK KOREA LTD.,7M00
SUEK LOGISTIC (SWISS),7Y00
SUEK LOGISTIC GMBH,7Y00
SUEK LOGISTIC MOSCOW,7Z00
SUEK MIDDLE EAST DMCC,7C00
SUEK POLSKA,7Q00
SUEK POLSKA SP. Z O.O.,7Q00
SUEK RU (EC),1100
SUEK SECURITIES D.A.C.,7S00
SUEK SHANGHAI TRADING CO. LTD.,C100
"SUEK SHANGHAI TRADING CO., LTD",C100
SUEK SINGAPORE TRADING CO,7I00
"SUEK SINGAPORE TRADING CO, PTE. LTD",7I00
"SUEK SINGAPORE TRADING PTE., LTD",7I00
TERMINAL SILLAMAE (EC),EETNK
THE REPRESENTATIVE OFFICE OF SUEK AG IN HANOI CITY,7G00
TRIDENT,LRTES
TUGNUY ENRICHMENT FACTORY LIMITED LIABILITIES COMPANY,3F00
Terra Brown Singapore Pte Ltd,7I00
TerraBrown AG,7100
"UAB ,,SUEK BALTIC""",BCS-7R00
UAB SUEK BALTIC,BCS-7R00
UKK (EC),RUKUS
Ushger (EC),KZUSH
ZAO KANSKY SURFACE MINE,2M00
АГРОЦЕНТР ВОЛГОГРАД,RUDVO
АГРОЦЕНТР КРАСНОДАР,RUDKR
АГРОЦЕНТР КУРСК,RUTKU
АГРОЦЕНТР ЛИПЕЦК,RUDLI
АГРОЦЕНТР НЕВИННОМЫССК,RUDNE
АГРОЦЕНТР НОВОМОСКОВСК,RUDNM
АГРОЦЕНТР ОРЕЛ,RUDOR
АГРОЦЕНТР УКРАИНА,UAAGR
"АКЦИОНЕРНОЕ ОБЩЕСТВО ""РАЗРЕЗ КАНСКИЙ""",2M00
"АКЦИОНЕРНОЕ ОБЩЕСТВО ""СИБИРСКАЯ ЭНЕРГЕТИЧЕСКАЯ КОМПАНИЯ""",1R00
"АО ""АБАКАНСКАЯ ТЭЦ""",VH00
"АО ""БАРНАУЛГЕНЕРАЦИЯ""",W100
"АО ""БАРНАУЛТЕПСЕТКОМ""",W500
"АО ""БАРНАУЛЬСКАЯ ГЕНЕРАЦИЯ""",W100
"АО ""БАРНАУЛЬСКАЯ ТЭЦ-3""",W200
"АО ""БАРНТЕПЛМАГИСТРКОМП""",W400
"АО ""БИЙСКЭНЕРГО""",W300
"АО ""ГОРНО-ХИМИЧЕСКАЯ КОМПАНИЯ ""УШГЕР""",KZUSH
"АО ""ДАЛЬТРАНСУГОЛЬ""",8200
"АО ""ЕВРОХИМ-СЗ""",RUESZ
"АО ""ЕНИСЕЙСКАЯ ТГК (ТГК-13)""",V100
"АО ""ЕНИСЕЙСКАЯ ТГК (ТГК-13)"" ФИЛИАЛ КРАСНОЯРСКАЯ ТЭЦ-2",V100
"АО ""ЕНИСЕЙСКАЯ ТГК (ТГК-13)"" ФИЛИАЛ КРАСНОЯРСКАЯ ТЭЦ-3",V100
"АО ""ЕНИСЕЙСКАЯ ТГК""",V100
"АО ""КАБАКТИНСКОЕ""",4800
"АО ""КАНСКАЯ ТЭЦ""",V500
"АО ""КЕМГЕНЕРАЦИЯ""",U300
"АО ""КЕМЕРОВСКАЯ ГЕНЕРАЦИЯ""",U300
"АО ""КЕМЕРОВСКАЯ ГЕНЕРАЦИЯ"" КЕМЕРОВСКАЯ ГРЭС",U300
"АО ""КОВДОРСКИЙ ГОК""",RUKGK
"АО ""КРАСНОЯРСКАЯ ТЭЦ-1""",V200
"АО ""КРАСТЕПЛТРАНСКОМ""",V400
"АО ""КУЗБАССЭНЕРГО""",U100
"АО ""КУЗБАССЭНЕРГО"" (БЕЛОВСКАЯ ГРЭС)",U100
"АО ""КУЗНЕЦКАЯ ТЭЦ""",U200
"АО ""КФС-ТРАНС""",1W00
"АО ""КЫЗЫЛСКАЯ ТЭЦ""",V800
"АО ""ЛУЧЕГОРСКИЙ УР""",6A00
"АО ""НАЗАРОВСКАЯ ГРЭС""",V300
"АО ""НЕВИННОМЫССКИЙ АЗОТ""",RUNEV
"АО ""НОВО-КЕМЕРОВСКАЯ ТЭЦ""",U400
"АО ""РАЗРЕЗ БЕРЕЗОВСКИЙ""",2D00
"АО ""РАЗРЕЗ ИЗЫХСКИЙ""",4300
"АО ""РАЗРЕЗ КАНСКИЙ""",2M00
"АО ""РАЗРЕЗ НАЗАРОВСКИЙ""",2N00
"АО ""РАЗРЕЗ ТУГНУЙСКИЙ""",3D00
"АО ""РАЗРЕЗ ХАРАНОРСКИЙ""",3200
"АО ""РУБЦОВСКИЙ ТЭК""",W600
"АО ""СГК-Алтай""",W100
"АО ""СГК-НОВОСИБИРСК""",Y100
"АО ""СИБИАЦ""",U700
"АО ""СИБЭКО"" (НОВОСИБИРСКАЯ ТЭЦ-4)",Y100
"АО ""СИБЭР""",U600
"АО ""СУЭК-КРАСНОЯРСК""",2100
"АО ""СУЭК-КУЗБАСС""",5N00
"АО ""УПИР""",5300
"АО ""УРГАЛУГОЛЬ""",6700
"АО ""ЧЕРНОГОРСКИЙ РМЗ""",4700
АО «ГКХ «УШГЕР»,KZUSH
АО «ЕВРОХИМ-СЗ»,RUESZ
АО «МХК «ЕВРОХИМ»- ФИЛИАЛ В БЕЛАРУСИ-XCSAL,BYEMI
АО «ПРОМТРАНС»,4G00
"АО «СУЭК-КУЗБАСС""",5N00
АО АБАКАНСКАЯ ТЭЦ,VH00
АО БАРНАУЛЬСКАЯ ГЕНЕРАЦИЯ,W100
АО БЕРЕЗНИКОВСКИЙ МЕХАНИЧЕСКИЙ ЗАВОД,RUBMZ
АО ДАЛЬТРАНСУГОЛЬ,8200
АО ЕВРОХИМ-СЕВЕРО-ЗАПАД,RUESZ
АО ЕНИСЕЙСКАЯ ТГК,V100
АО КОВДОРСКИЙ ГОК,RUKGK
АО КУЗБАССЭНЕРГО,U100
АО МХК ЕВРОХИМ,RUEMO
АО НАК АЗОТ,RUNAK
АО НАЦИОНАЛЬНАЯ ТРАНСПОРТНАЯ КОМПАНИЯ,1N00
АО НЕВИННОМЫССКИЙ АЗОТ,RUNEV
АО РАЗРЕЗ ТУГНУЙСКИЙ,3D00
АО СУЭК-КУЗБАСС,5N00
АО ТУЛАГИПРОХИМ,RUGPH
"АО""БАРНАУЛЬСКАЯГЕНЕРАЦИЯ""",W100
"БФ ""СГК-СОГРЕВАЕМ СЕРДЦА""",1T00
"Западно-Сибирский филиал ООО ""Сибирская генерирующая компания""",1R00
"МК ООО ""НОРД ХАРВЕСТ ХОЛДИНГ""",RUAIM
"МОСКОВСКИЙ ФИЛИАЛ ООО ""СУЭК ЛОГИСТИК""",7Z00
МУРМАНСКИЙ БАЛЕКРНЫЙ ТЕРМИНАЛ,RUMGT
"НЕКОММЕРЧЕСКАЯ ОРГАНИЗАЦИЯ ""ФОНД СОЦИАЛЬНО-ЭКОНОМИЧЕСКОЙ ПОДДЕРЖКИ РЕГИОНОВ ""СУЭК-РЕГИОНАМ""",F199
НКО ФОНД СУЭК-РЕГИОНАМ,F199
"ОБЩЕСТВО С ОГРАНИЧЕННОЙ ОТВЕТСТВЕННОСТЬЮ ""ЕВРОХИМ СЕВЕРНЫЙ КАВКАЗ""",RUNCA
"ОБЩЕСТВО С ОГРАНИЧЕННОЙ ОТВЕТСТВЕННОСТЬЮ ""НАЗАРОВСКОЕ РЫБНОЕ ХОЗЯЙСТВО""",VC00
ОБЪЕДИНЕННОЕ ПТУ КУЗБАССА,5R00
"ООО ""АИМ МЕНЕДЖМЕНТ""",1I00
"ООО ""АИМ ХОЛДИНГ""",1I00
"ООО ""АПК ""СИБИРЬ""",5S00
"ООО ""АРКТИЧЕСКИЕ РАЗРАБОТКИ""",1600
"ООО ""АТЛАНТИК ТРАСТ МАРИН",9F00
"ООО ""АТЛАНТИК ТРАСТ МАРИН""",9F00
"ООО ""БАМОВСКАЯ ТЭС-1""",R100
"ООО ""ВОСТОЧНО-БЕЙСКИЙ РАЗ",4100
"ООО ""ВОСТОЧНО-БЕЙСКИЙ РАЗРЕЗ""",4100
"ООО ""ВРЗ ""ДЕПО НТК""",RUDPO
"ООО ""ВРЗ""ДЕПО НТК""",RUDPO
"ООО ""ГЕРМАНИЙ И ПРИЛОЖЕНИЯ""",1J01
"ООО ""ГЛАВЭНЕРГОСБЫТ""",1300
"ООО ""ГРИНФИН""",2800
"ООО ""ДЕПО-ЕВРОХИМ""",RUDPO
"ООО ""ДК ХИМИКОВ""",RUDKH
"ООО ""ЕВРОХИМ - НИЦ""",RUNIC
"ООО ""ЕВРОХИМ - УКК""",RUKUS
"ООО ""ЕВРОХИМ ТРЕЙДИНГ РУС""",RUESM
"ООО ""ЕВРОХИМ-БМУ""",RUBMU
"ООО ""ЕВРОХИМ-ВОЛГАКАЛИЙ""",RUVGK
"ООО ""ЕВРОХИМ-ВОЛГАСЕРВИС""",RUVOS
"ООО ""ЕВРОХИМ-НЕВИННОМЫССК""",RUENE
"ООО ""ЕВРОХИМ-НИЦ""",RUNIC
"ООО ""ЕВРОХИМ-ОНГК""",RUONG
"ООО ""ЕВРОХИМ-САРАТОВКАЛИЙ",RUESK
"ООО ""ЕВРОХИМ-САРАТОВКАЛИЙ""",RUESK
"ООО ""ЕВРОХИМ-УКК""",RUKUS
"ООО ""ЕХ ДАЛЬНИЙ ВОСТОК""",RUFET
"ООО ""КИНГИСЕПП-РЕМСТРОЙСЕ",RURKN
"ООО ""КИНГИСЕПП-РЕМСТРОЙСЕРВИС""",RURKN
"ООО ""КОРУНД""",9Y00
"ООО ""КУЗБАССЭНЕРГОФИНАНС""",1U00
"ООО ""ЛД ""ПРОМТРАНС""",4H00
"ООО ""ЛЕСТОППРОМ""",1900
"ООО ""МЕДИКО-САНИТАРНАЯ ЧАСТЬ ""УГОЛЬЩИК""",2U00
"ООО ""МИНУСИНСКАЯ ТТК""",V600
"ООО ""МОДУЛЬНЫЕ СИСТЕМЫ ТОРНАДО""",Y800
"ООО ""МС ТОРНАДО""",Y800
"ООО ""НАЗАРОВСКАЯ ТТК""",V700
"ООО ""НАЗАРОВСКОЕ ГМНУ""",2500
"ООО ""НЕВИННОМЫССК-СЕРВИС""",RUZEL
"ООО ""НЕВРСС""",RURNE
"ООО ""НИИУГЛЕОБОГАЩЕНИЯ""",5G00
"ООО ""НИТРОХИМПРОМ""",1K00
"ООО ""НОВОКУЗНЕЦКАЯ ТТК""",U500
"ООО ""НОВОМОСКОВСК-РЕМСТРО",RURNM
"ООО ""НОВОМОСКОВСК-РЕМСТРОЙСЕРВИС""",RURNM
"ООО ""НОВОМОСКОВСКИЙ ХЛОР""",RUNCL
"ООО ""ОРС-ФОСФОРИТ""",RUORF
"ООО ""ПАНСИОНАТ ""ХИМИК""",RUPAN
"ООО ""ПАСИФИК ТРАСТ МАРИН""",9G00
"ООО ""ПГ ""ФОСФОРИТ""",RUFSF
"ООО ""ПРИМОРСКУГОЛЬ""",6100
"ООО ""ПРОТЕХСТРОЙ""",RUPTS
"ООО ""РАЗРЕЗ СЕРЕУЛЬСКИЙ""",2F00
"ООО ""САНАТОРИЙ-ПРОФИЛАКТОРИЙ ""КОВДОРСКИЙ""",RUSPK
"ООО ""СИБИРСКАЯ ГЕНЕРИРУЮЩАЯ КОМПАНИЯ""",1R00
"ООО ""СИБИРСКАЯ ТЕПЛОСБЫТОВАЯ КОМПАНИЯ""",1S00
"ООО ""СИБИРСКИЕ ПРОМЫШЛЕННЫЕ РЕШЕНИЯ""",BCS-SG7001
"ООО ""СИБПРОМРЕШЕНИЯ""",BCS-SG7001
"ООО ""СИБЭНЕРГОАКТИВ""",VB00
"ООО ""СК ""МАЛЫЙ ПОРТ""",6800
"ООО ""СТИВИДОРНАЯ КОМПАНИЯ ""МАЛЫЙ ПОРТ""",6800
"ООО ""СУЭК-ФИНАНС""",1800
"ООО ""ТЕПЛО""",Y200
"ООО ""ТЕРМАЛЬ""",U800
"ООО ""ТОНУС-ПЛЮС""",RUTON
"ООО ""ТУГНУЙСКАЯ ОБОГАТИТЕЛЬНАЯ ФАБРИКА""",3F00
"ООО ""ТУГНУЙСКАЯ ОФ""",3F00
"ООО ""ТУГНУЙСКОЕ ПТУ""",3G00
"ООО ""УГОЛЬ-ИНЖИНИРИНГ""",VI00
"ООО ""УПРАВЛЕНИЕ ПО БУРОВЗРЫВНЫМ РАБОТАМ""",4U00
"ООО ""ХАБАРОВСК-СУЭК""",6600
"ООО ""ЦИФРОВЫЕ ТЕХНОЛОГИИ И ПЛАТФОРМЫ""",1M00
"ООО ""ЧЕРНОВСКИЙ РМЗ""",3900
"ООО ""ЮГ-СЕРВИС""",RUYUG
"ООО ""ЮЖНО-СИБИРСКАЯ ТСК""",V900
ООО «АПК «СИБИРЬ»,5S00
ООО «ГЛАВЭНЕРГОСБЫТ»,1300
ООО «КОНТРОЛАЛЬДИЛИТ»,TE40
ООО «ЛИДЕР.ПАРТНЕРЫ»,TE30
ООО «ПРОТЕХ ИНЖИНИРИНГ»,RUPRO
ООО «ПРОТЕХЛАБ»,RUPTL
ООО «ПРОТЕХЛАБ» - ПРЕДСТАВИТЕЛЬСТВО В БЕЛАРУСИ,RUPTB
ООО «ПРОТЕХСТРОЙ»,RUPTS
ООО «РАЗРЕЗ ВОСТОЧНЫЙ»,3300
ООО «СИБ - ДАМЕЛЬ»,5400
ООО «ФЕРРУМ ПЛЮС»,TS20
ООО «ЭНЕРГО-АТЛАНТИК»,TS30
ООО АГРОКАЛИЙ,TE20
ООО АЗОТТЕХ,RUAZT
ООО АСТРАХАНСКАЯ НЕФТЕГАЗОВАЯ КОМПАНИЯ,RUANG
ООО ГИП МОСКВА,BCS-1J01
ООО ДВОРЕЦ КУЛЬТУРЫ ХИМИКОВ,RUDKH
ООО ДЕПО-ЕВРОХИМ,RUDPO
ООО ЕВРОХИМ - БЕЛОРЕЧЕНСКИЕ МИНЕРАЛЬНЫЕ УДОБРЕНИЯ,RUBMU
ООО ЕВРОХИМ - ВОЛГАКАЛИЙ,RUVGK
ООО ЕВРОХИМ - УСОЛЬСКИЙ КАЛИЙНЫЙ КОМБИНАТ,RUKUS
ООО ЕВРОХИМ ДАЛЬНИЙ ВОСТОК,RUFET
ООО ЕВРОХИМ НАУЧНО-ИССЛЕДОВАТЕЛЬСКИЙ ЦЕНТР (RUNIC),RUNIC
ООО ЕВРОХИМ СЕВЕРНЫЙ КАВКАЗ,RUNCA
ООО ЕВРОХИМ ТРЕЙДИНГ РУС,RUESM
ООО ЕВРОХИМ – ОНГК,RUONG
ООО ЕВРОХИМ-ВОЛГАКАЛИЙ,RUVGK
ООО ЕВРОХИМ-ВОЛГОСЕРВИС,RUVOS
ООО ЕВРОХИМ-ПРОЕКТ,RUTOM
ООО ЕВРОХИМ-САРАТОВКАЛИЙ,RUESK
ООО ЕВРОХИМ-СЕВЕРО-ЗАПАД-2,RUNWT
ООО ЕВРОХИМ-СЕВЕРО-ЗАПАД-3,RUENW
ООО ЕВРОХИМ-ТЕРМИНАЛ НЕВИННОМЫССК,RUETN
ООО ЕВРОХИМ-ТЕРМИНАЛ УСТЬ-ЛУГА,RUBGG
ООО ЕВРОХИМ-ЭНЕРГО,RUERG
ООО КАРБОНПРО,TS10
ООО КИНГИСЕПП-РЕМСТРОЙСЕРВИС,RURKN
ООО НЕВИННОМЫССК-РЕМСТРОЙСЕРВИС,RURNE
ООО НЕВИННОМЫССК-СЕРВИС (РАНЕЕ ГОСТИНИЦА ЗЕЛЕНАЯ),RUZEL
ООО НОВОМОСКОВСК-РЕМСТРОЙСЕРВИС,RURNM
ООО НОВОМОСКОВСКИЙ ХЛОР,RUNCL
ООО ОРС-ФОСФОРИТ,RUORF
ООО ПАНСИОНАТ ХИМИК,RUPAN
ООО ПГ ФОСФОРИТ,RUFSF
ООО РУСБОНД-ЕВРОХИМ,RUSBO
ООО САНАТОРИЙ-ПРОФИЛАКТОРИЙ КОВДОРСКИЙ,RUSPK
ООО СИБИРСКАЯ ГЕНЕРИРУЮЩАЯ КОМПАНИЯ,1R00
ООО СИБПРОМРЕШЕНИЯ,BCS-SG7001
"ООО СК ""МАЛЫЙ ПОРТ""",6800
ООО СУЭК-ХАКАСИЯ,4F00
ООО ТОНУС-ПЛЮС,RUTON
ООО УРАЛ-РЕМСТРОЙСЕРВИС,RURBZ
ООО ЮГ-СЕРВИС,RUYUG
ОООАРКТИЧЕСКИЕ РАЗРАБОТКИ,1600
"ОП АО ""СИБЭКО"" НОВОСИБИРСКАЯ ТЭЦ-4",Y100
"ОП ООО ""ЕВРОХИМ ТРЕЙДИНГ РУС"" В Г. НЕВИННОМЫССК",RUESM
"ОП ООО ""ЕВРОХИМ ТРЕЙДИНГ РУС"" В Г. УСТЬ-ЛАБИНСК",RUESM
"ОП ООО ""ЕВРОХИМ ТРЕЙДИНГ РУС"" В П. ДРУЖНЫЙ",RUESM
"ОП ООО ""ЕВРОХИМ ТРЕЙДИНГ РУС"" В С. ВОРОНЦОВКА",RUESM
"РАЗРЕЗ ТУГНУЙСКИЙ, АО",3D00
СУЭК ФИНАНС,1800
СУЭК-КРАСНОЯРСК,2100
СУЭК-СПЕШЕЛТИ МИНЕРАЛЗ,F187
"ТОО ""АГРОЦЕНТР ЕВРОХИМ-КАЗАХСТАН""",KZAGR
"ТОО ""ГЕРЕС УДОБРЕНИЯ""",KZGER
"ТОО ""ЕВРОХИМ-КАМЕНКОВСКАЯ НЕФТЕГАЗОВАЯ КОМПАНИЯ""",KZKAM
"ТОО ""ЕВРОХИМ-КАРАТАУ""",KZKRT
"ТОО ""САРЫ-ТАС-УДОБРЕНИЯ""",KZSTS
ТОО ГЕРЕС УДОБРЕНИЯ,KZGER
ТОО ЕВРОХИМ – КАМЕНКОВСКАЯ НЕФТЕГАЗОВАЯ КОМПАНИЯ,KZKAM
ТОО ЕВРОХИМ – КАРАТАУ,KZKRT
ТОО ЕВРОХИМ – УДОБРЕНИЯ,KZUDB
ТОО САРЫ-ТАС-УДОБРЕНИЯ,KZSTS
УРГАЛУГОЛЬ,6700
УРГАЛУГОЛЬ АО,6700
"ФИЛИАЛ АО ""БАРНАУЛЬСКАЯ ГЕНЕРАЦИЯ"" ""БАРНАУЛЬСКАЯ ТЕПЛОСЕТЕВАЯ КОМПАНИЯ""",W500
"ФИЛИАЛ АО ""НАК ""АЗОТ"" НОВОМОСКОВСКАЯ ГРЭС",RUNAK
ФИЛИАЛ ТБТ,RUTBN
"ФОНД ""СУЭК-РЕГИОНАМ""",F199
"ЧОУ ДПО ""ЭНЕРГОЦЕНТР""",Y600
"ЧУ ДПО КУЦ ""ЭНЕРГЕТИК""",VD00
AO SUEK-Krasnoyarsk,2100
JSC Tugnuisky opencast mine,3D00
JSC Urgalugol,6700
Murmansk Bulkcargo Terminal LLC,RUMGT
"Limited liability Company ""Pacific Trust Marine""",9G00
"LLC ""Atlantic Trust Marine""",9F00
"LLC ""Primorskugol""",6100
"LLC ""Vostochno-Beysky Opencast mine""",4100
LLC SUEK-Khakasia,4F00
"Masko, Jsc",9H00
"Azot, JSC",RUNAK
"EuroChem Karatau, LLP",KZKRT
Novomoskovsky Chlor LLC,RUNCL
"ООО ""КБС-Логистик""",1X00
"LLC ""EUROСHEM-VolgaKaliy""",RUVGK
Greenfin LLC,2800
MCC EuroChem JSC,RUEMO
ZAO Kansky surface mine,2M00
Stevedoring Company Maly Port LLC,6800
"JSC ""Yenisei TGC (TGC-13)""",V100
"LLC ""Arkticheskie Razrabotki""",1600
"JSC ""Kuzbassenergo""",U100
Khabarovsk-SUEK LLC,6600
"JSC ""Razrez Kharanorsky""",3200
JSC SUEK-Kuzbass,5N00
Eurochem Trading Middle East,AETRD
FERTILIZANTES TOCANTINS S.A(PORTO NACIONAL),BRFTO
FERTILIZANTES TOCANTINS S.A(QUERENCIA),BRFTO
FERTILIZANTES TOCANTINS S.A(LUIS EDUARDO MAGALHAES),BRFTO
FERTILIZANTES TOCANTINS S.A(BARCARENA),BRFTO
FERTILIZANTES TOCANTINS S.A(CATALAO),BRFTO
FERTILIZANTES TOCANTINS S.A(ARAGUARI),BRFTO
FERTILIZANTES TOCANTINS S.A(SINOP),BRFTO
FERTILIZANTES TOCANTINS S.A(PAULINIA),BRFTO
FERTILIZANTES TOCANTINS S.A(RONDONOPOLIS),BRFTO
FERTILIZANTES TOCANTINS S.A(SAO LUIS),BRFTO
FERTILIZANTES TOCANTINS S.A(GOIANIA),BRFTO
FERTILIZANTES TOCANTINS S.A(SAO PAULO),BRFTO
FERTILIZANTES TOCANTINS S.A(PORTO VELHO),BRFTO
CHSAG,7100
Corrigo Fertilizers FZE,AECOR
"Алтайский филиал ООО ""Сибирская  генерирующая компания""",1R00
"ООО ""ГРК ""ЕвроХим""",RUEBE
"ООО ""ПМУ ""ЕвроХим""",RUENE
"БФ ""СГК - Согреваем Сердца""",1T00
"ООО ""ПроТех Переработка""",RUPTP
"Некоммерческая организация ""Фонд со циально-экономической поддержки рег ионов ""СУЭК-РЕГИОНАМ""",F199
CORRIGO FERTILIZERS FZE,AECOR